{"cameraMode":{"drawMode":0,"name":"Shaded","section":"Shading Mode"},"sceneLighting":true,"audioPlay":false,"sceneViewState":{"showFog":true,"showMaterialUpdate":false,"showSkybox":true,"showFlares":true,"showImageEffects":true,"showParticleSystems":true},"in2DMode":false,"pivot":{"x":15.200033187866211,"y":0.016338348388671876,"z":-9.300802230834961},"rotation":{"x":-0.31296077370643618,"y":0.0034164998214691879,"z":-0.0011256493162363768,"w":-0.949764609336853},"size":10.0,"orthographic":false}